Target Size,Library,Min,25%,50%,75%,Max,Mean,Sum,Num Pairs,Mean Matches,ghl_comp
200.000,ghl,6.755E-04,1.653E-03,4.122E-02,7.128E-02,15.048,1.863E-01,20.303,109.000,6669.193,1.000
200.000,gt,2.443E-02,7.377E-02,4.736E-01,24.934,1474.942,93.310,6345.071,68.000,893.088,500.945
200.000,igraph,1.446E-03,1.625E-02,2.813E-02,6.811E-02,14.177,4.207E-01,45.853,109.000,6751.450,2.258
200.000,networx,2.911E-02,9.219E-01,2.205,4.076,134.738,5.532,591.885,107.000,592.131,29.697
400.000,ghl,1.729E-03,7.310E-02,1.874E-01,3.213E-01,5.213E-01,2.032E-01,16.053,79.000,745.810,1.000
400.000,gt,1.721E-01,5.025E-01,1.491,92.315,1331.213,72.773,4148.038,57.000,800.000,358.118
400.000,igraph,3.361E-02,8.024E-02,1.384E-01,2.672E-01,70.900,1.450,114.511,79.000,1179.000,7.133
400.000,networx,5.083E-01,6.500,12.756,28.627,156.602,22.096,1745.551,79.000,745.810,108.734
800.000,ghl,5.046E-03,7.388E-01,8.979E-01,1.415,2.080,1.043,63.623,61.000,1496.410,1.000
800.000,gt,1.581,4.419,5.646,57.254,490.184,82.180,4355.554,53.000,1600.000,78.793
800.000,igraph,2.080E-01,4.116E-01,7.471E-01,7.826E-01,19.404,1.240,75.634,61.000,1496.426,1.189
800.000,networx,5.969,55.121,81.820,205.102,285.803,125.609,7662.119,61.000,1496.410,120.430
